,binary precision,binary recall,binary accuracy,MSE,MAE,regression MSE,regression MAE,expert
0,0.38461538461538464,0.9747706422018348,0.395979020979021,0.4681627234723392,0.5164444003822314,0.3081541592954805,0.14504038595125002,True
1,0.41274238227146814,0.9283489096573209,0.45018450184501846,0.35328768681552236,0.42418119317815856,0.2940656645843278,0.1497499662817894,False
