,binary precision,binary recall,binary accuracy,MSE,MAE,regression MSE,regression MAE,expert
0,0.38461538461538464,0.9747706422018348,0.395979020979021,0.4681640482311028,0.5164454908530023,0.3081578433183548,0.14504486148761342,True
1,0.41274238227146814,0.9283489096573209,0.45018450184501846,0.35328449546909974,0.4241777729437957,0.29405870211998164,0.1497434697574794,False
